{"Head":[-4.26048146E-25,-2.20746941E-08,2.80905237E-08,1.00000024],"HeadTop_End":[1.9959515E-22,-7.105428E-15,0.0,1.00000024],"Hips":[0.0,-2.281741E-08,1.32078792E-08,1.00000024],"LeftArm":[0.0129095577,0.004413716,0.2275838,0.9736633],"LeftFoot":[7.336951E-05,0.00927475,0.0126687465,0.9998772],"LeftForeArm":[0.03349363,-0.00165204448,0.02807563,0.999043643],"LeftHand":[5.741598E-07,2.19326751E-07,-4.71115726E-07,1.00000048],"LeftHandIndex1":[0.01116798,-0.00311324256,0.000601611,0.9999329],"LeftHandIndex2":[0.007955083,-0.00282188645,-0.000307318027,0.999964833],"LeftHandIndex3":[0.007955121,-0.0028219556,-0.0003074177,0.999964952],"LeftHandIndex4":[-4.865998E-08,1.43177044E-08,4.91266761E-08,1.0000006],"LeftHandMiddle1":[0.00460536545,-0.00116488209,9.369266E-05,0.999989152],"LeftHandMiddle2":[0.00362571236,-0.00128914,-0.000110236666,0.9999933],"LeftHandMiddle3":[0.003625441,-0.00128942239,-0.000110242821,0.999993145],"LeftHandMiddle4":[-5.77504267E-10,-2.26877859E-07,1.0336769E-07,1.00000048],"LeftHandPinky1":[0.0205426272,-0.00539816031,-0.00292516476,0.9997706],"LeftHandPinky2":[0.0243978985,-0.0109103164,0.0120623177,0.9995705],"LeftHandPinky3":[0.02279531,-0.004962959,-0.0272322837,0.999357462],"LeftHandPinky4":[3.32189174E-08,9.976715E-09,4.370642E-08,1.00000072],"LeftHandRing1":[0.016056411,-0.004644549,-0.001516279,0.9998596],"LeftHandRing2":[0.0198964253,-0.00614835834,-0.00104375521,0.999783],"LeftHandRing3":[0.0206879955,-0.0104872864,0.028244691,0.999332547],"LeftHandRing4":[1.17726806E-09,-4.59592719E-08,-1.32268809E-08,1.00000072],"LeftHandThumb1":[0.07617215,0.08757479,-0.119575024,0.986018],"LeftHandThumb2":[-0.0150346421,-0.02264533,-0.0491247773,0.9984229],"LeftHandThumb3":[-0.01811181,0.007944618,-0.002432667,0.999802],"LeftHandThumb4":[2.04844763E-08,8.56310045E-09,-1.44442076E-08,1.0000006],"LeftLeg":[7.35612E-05,0.009274998,0.0126689356,0.999877],"LeftShoulder":[6.040447E-08,9.853318E-08,1.790028E-08,1.00000048],"LeftToe_End":[-7.3782976E-05,-0.009274988,-0.0126689011,0.9998772],"LeftToeBase":[-7.378025E-05,-0.0092749875,-0.0126689,0.999877334],"LeftUpLeg":[-5.01460745E-05,-0.00502448948,0.00128237309,0.999986947],"Neck":[-3.4939307E-16,7.42718E-10,1.48826436E-08,1.00000024],"RightArm":[0.009264416,-0.0020377636,-0.226901338,0.9738717],"RightFoot":[7.38013E-05,-0.009331818,-0.0125531321,0.999878049],"RightForeArm":[0.0334755629,0.00158203987,-0.0282146428,0.9990402],"RightHand":[4.865603E-07,1.09013129E-07,2.61420126E-07,1.00000036],"RightHandIndex1":[0.0008965028,0.000217078137,-6.134153E-05,-0.999999762],"RightHandIndex2":[0.00233188,9.614125E-05,0.0145955347,-0.999891043],"RightHandIndex3":[0.00212699175,0.0007513926,4.086936E-05,-0.999998033],"RightHandIndex4":[-5.78379833E-08,-1.208943E-07,2.82932167E-08,1.00000036],"RightHandMiddle1":[-0.0144499633,-0.00496334769,6.933041E-05,-0.9998837],"RightHandMiddle2":[-0.0125456117,-0.00377526018,-0.0004782263,-0.9999144],"RightHandMiddle3":[-0.0129991584,-0.008900399,0.04274562,-0.9989623],"RightHandMiddle4":[7.719458E-08,8.84476563E-08,8.80351863E-08,1.0000006],"RightHandPinky1":[0.0003979274,3.722034E-05,1.65955917E-05,-1.00000036],"RightHandPinky2":[-0.00261724,-0.0008483051,-6.473031E-05,-0.999996364],"RightHandPinky3":[-0.002427221,-0.00393391075,0.0647494048,-0.997891068],"RightHandPinky4":[5.815766E-08,1.46011825E-09,2.42015616E-08,1.00000048],"RightHandRing1":[-0.005307221,-0.0021041974,-0.0005295923,-0.999983966],"RightHandRing2":[-0.0113808792,-0.00347669888,-0.0004176973,-0.999929547],"RightHandRing3":[-0.0113808708,-0.0034767224,-0.0004176101,-0.999929667],"RightHandRing4":[-4.04079721E-08,-5.798281E-08,-3.95065225E-09,1.00000036],"RightHandThumb1":[-0.0639796257,0.0691036656,-0.1241966,-0.9877791],"RightHandThumb2":[0.003531647,0.00148462621,-0.01242392,-0.9999159],"RightHandThumb3":[0.0205633789,-0.058174666,-0.028981505,-0.9976743],"RightHandThumb4":[4.422337E-08,7.642245E-08,-9.602019E-09,1.00000072],"RightLeg":[7.41745E-05,-0.00933159,-0.0125530278,0.999878],"RightShoulder":[0.0,0.0,0.0,1.00000012],"RightToe_End":[-7.405798E-05,0.009331544,0.012553012,0.999878049],"RightToeBase":[-7.405804E-05,0.009331547,0.0125530092,0.999878049],"RightUpLeg":[-5.01399845E-05,0.00503197825,-0.00125189789,0.999986768],"Spine":[-6.306341E-23,1.86268771E-15,1.68561081E-15,1.00000036],"Spine1":[2.24135225E-17,-6.417782E-11,-9.4515E-10,1.00000036],"Spine2":[-2.97652853E-08,6.417908E-11,9.451483E-10,1.00000036]}