{"Head":[7.22036054E-25,-1.27655557E-08,3.55934056E-08,1.00000024],"HeadTop_End":[1.08578929E-22,-4.819902E-15,4.933414E-15,1.00000024],"Hips":[-8.940698E-08,-1.37370071E-08,2.072394E-08,1.00000012],"LeftArm":[0.009860238,0.0125656212,0.248579755,0.9684799],"LeftFoot":[9.95892E-05,0.00971385,0.009935111,0.9999037],"LeftForeArm":[0.004460122,-7.060543E-05,0.00347369071,0.9999842],"LeftHand":[3.737506E-07,1.94802084E-07,-4.70129265E-07,1.0000006],"LeftHandIndex1":[0.004082673,-0.000868468662,0.000223293042,0.999991655],"LeftHandIndex2":[0.005806145,-0.002056701,-7.83478245E-05,0.9999814],"LeftHandIndex3":[0.005806422,-0.002056901,-7.839001E-05,0.9999816],"LeftHandIndex4":[-1.99083132E-07,-1.08843729E-07,-1.60639075E-07,1.00000036],"LeftHandMiddle1":[0.0118468106,-0.000267873547,-0.0200679433,0.9997287],"LeftHandMiddle2":[0.0169188436,-0.00346473744,0.03839755,0.9991135],"LeftHandMiddle3":[0.0157376863,-0.00447311439,-0.000461951131,0.9998665],"LeftHandMiddle4":[-1.37990668E-08,-1.03919234E-07,-1.2211375E-08,1.00000036],"LeftHandPinky1":[0.0279827435,-0.00618319539,-0.00310880668,0.999585],"LeftHandPinky2":[0.02294713,-0.0077184136,0.00933383,0.9996636],"LeftHandPinky3":[0.0224563442,-0.00761954347,-0.001041255,0.999718845],"LeftHandPinky4":[1.91047619E-07,-1.69487066E-07,3.6375603E-08,1.0000006],"LeftHandRing1":[0.023114875,-0.00474946247,-0.00155965146,0.999720931],"LeftHandRing2":[0.0190600827,-0.006103838,-0.0007330828,0.999799967],"LeftHandRing3":[0.0190599952,-0.00610354636,-0.0007330545,0.999799967],"LeftHandRing4":[2.543789E-08,8.931191E-08,-3.2839278E-09,1.0000006],"LeftHandThumb1":[0.091556564,0.102457993,-0.136423483,0.981075346],"LeftHandThumb2":[-0.007112351,-0.0273048747,-0.0511464849,0.998293042],"LeftHandThumb3":[-0.0124327466,0.00656305347,-0.00233192183,0.9998988],"LeftHandThumb4":[1.84881017E-07,-3.488292E-08,-1.70557911E-07,1.00000036],"LeftLeg":[9.986067E-05,0.009714042,0.009935446,0.9999036],"LeftShoulder":[7.267185E-08,1.07234378E-07,-6.725519E-08,1.00000024],"LeftToe_End":[-0.0001000765,-0.009714005,-0.009935444,0.9999037],"LeftToeBase":[-0.00010007884,-0.009714011,-0.009935439,0.99990356],"LeftUpLeg":[-1.019704E-05,-0.00225644861,0.000555856037,0.9999974],"Neck":[1.1920929E-07,9.714568E-10,1.48694657E-08,1.00000012],"RightArm":[0.009810431,-0.0174505133,-0.248556,0.9684111],"RightFoot":[9.98858741E-05,-0.009691626,-0.009963074,0.9999036],"RightForeArm":[0.00456935447,6.948895E-05,-0.00347216474,0.999983966],"RightHand":[4.210727E-07,6.767852E-08,4.742308E-07,1.00000048],"RightHandIndex1":[-0.0130210463,-0.00351134362,0.0006742691,-0.9999094],"RightHandIndex2":[-0.0138575528,-0.004794157,-0.000386652857,-0.999892831],"RightHandIndex3":[-0.013857225,-0.00479417527,-0.0003864632,-0.999893069],"RightHandIndex4":[2.4134917E-07,3.00482128E-09,1.30036426E-10,1.00000083],"RightHandMiddle1":[-0.00699929753,0.00459361775,-0.0292733144,-0.999537051],"RightHandMiddle2":[-0.0129204188,-0.000551259553,0.0624192953,-0.997966945],"RightHandMiddle3":[-0.0117543107,-0.00315187126,-0.000250956975,-0.9999266],"RightHandMiddle4":[-5.89336366E-08,-1.472063E-07,3.44517552E-08,1.00000083],"RightHandPinky1":[-0.0246288031,-0.00558020826,-0.00263402821,-0.999678254],"RightHandPinky2":[-0.0196665227,-0.00663347263,0.009526038,-0.999739945],"RightHandPinky3":[-0.017246075,-0.00380149554,-0.07515487,-0.9970162],"RightHandPinky4":[-9.905495E-08,1.36059043E-07,1.191529E-08,1.00000048],"RightHandRing1":[-0.0193145387,-0.00500985049,-0.00136511168,-0.9998003],"RightHandRing2":[-0.0189900175,-0.00610083947,-0.0006760812,-0.9998014],"RightHandRing3":[-0.0189901963,-0.00610121666,-0.000676014,-0.9998014],"RightHandRing4":[1.36133508E-07,-6.969684E-08,1.44698262E-08,1.00000048],"RightHandThumb1":[-0.086188525,0.104101755,-0.143104151,-0.980436862],"RightHandThumb2":[0.004161155,-0.0172817782,-0.0320571549,-0.9993286],"RightHandThumb3":[0.00672177272,0.002908879,-0.003337138,-0.999968231],"RightHandThumb4":[1.01839142E-08,8.5391676E-08,-4.12618E-08,1.00000083],"RightLeg":[0.000100081517,-0.009691402,-0.009963124,0.9999037],"RightShoulder":[1.53317838E-08,-1.21986306E-08,1.76589321E-08,1.00000024],"RightToe_End":[-0.000100248253,0.009691392,0.009963173,0.9999038],"RightToeBase":[-0.000100071673,0.009691408,0.00996317249,0.999903858],"RightUpLeg":[-1.00174721E-05,0.002257165,-0.0005531214,0.9999975],"Spine":[8.394086E-24,-1.65677146E-15,1.88838457E-15,1.00000012],"Spine1":[8.533095E-08,2.75966129E-15,4.18237256E-15,1.00000012],"Spine2":[-1.189557E-07,-2.51700882E-11,-3.85229071E-10,1.00000012]}