{"Head":[-1.10102192E-07,-1.37476835E-16,1.78360788E-23,1.0],"Hips":[8.42937E-08,-2.83743056E-08,2.72041429E-08,1.0],"LeftArm":[0.322205126,0.03433292,-0.185818747,0.927618742],"LeftFoot":[0.00185104948,0.0454772636,-0.0590981245,0.9972141],"LeftForeArm":[0.173311621,-0.0126300119,0.205361247,0.9631357],"LeftHand":[-2.38002315E-07,3.207959E-07,-5.977669E-08,1.00000012],"LeftHandIndex1":[0.11242196,-0.024532225,-0.08600713,0.989627361],"LeftHandIndex2":[-0.0240281485,-0.0242608,-0.227973834,0.9730684],"LeftHandIndex3":[0.008168065,-0.0278339144,-0.00440738536,0.999569535],"LeftHandMiddle1":[0.116092406,-0.0192965437,-0.1413346,0.9829419],"LeftHandMiddle2":[0.024094753,-0.0225438941,-0.136703983,0.990062237],"LeftHandMiddle3":[0.00737505453,-0.0242052022,-0.00322259567,0.9996746],"LeftHandPinky1":[0.0547613837,-0.008009501,-0.211606145,0.9757868],"LeftHandPinky2":[0.126385957,-0.0136282556,-0.1669326,0.977739453],"LeftHandPinky3":[0.00475071743,-0.0154662505,-0.00190632639,0.9998673],"LeftHandRing1":[0.09191595,-0.0181592684,-0.164961278,0.981839836],"LeftHandRing2":[0.09682229,-0.0227917787,-0.12853612,0.9867038],"LeftHandRing3":[0.00758450152,-0.0249541849,-0.00337154348,0.9996541],"LeftHandThumb1":[0.08713259,-0.0935234353,0.00678977231,0.9917737],"LeftHandThumb2":[-0.07390269,-0.0236139745,0.169837743,0.9824134],"LeftHandThumb3":[-0.0022867294,-0.0256849155,-0.004547217,0.9996572],"LeftLeg":[-0.00293075037,0.0507396422,0.008281233,0.9986733],"LeftShoulder":[-1.01099751E-09,2.5340762E-07,-2.29991144E-07,1.0],"LeftToeBase":[-1.09746622E-06,-7.30714828E-06,2.383173E-06,-1.0],"LeftUpLeg":[-0.000397311727,0.0070856805,-0.0436780564,0.9990205],"Neck":[-0.03396114,3.47347262E-10,4.098781E-10,0.999423146],"RightArm":[0.3222054,-0.0343330465,0.185819447,0.927618444],"RightFoot":[0.002139497,-0.0275899619,0.0526676849,0.9982286],"RightForeArm":[0.173311755,0.0126296394,-0.2053612,0.9631357],"RightHand":[-1.91604244E-07,-2.82519E-07,3.33623227E-08,1.00000012],"RightHandIndex1":[-0.112423293,-0.0245340783,-0.08601064,-0.9896269],"RightHandIndex2":[0.02402657,-0.0242602769,-0.227971852,-0.973068953],"RightHandIndex3":[-0.008167886,-0.0278337933,-0.004407299,-0.999569535],"RightHandMiddle1":[-0.116092429,-0.0192973353,-0.141335681,-0.982941747],"RightHandMiddle2":[-0.0240958314,-0.0225441083,-0.136701912,-0.990062535],"RightHandMiddle3":[-0.00737510948,-0.0242056381,-0.00322298636,-0.9996747],"RightHandPinky1":[-0.0547640473,-0.00801045,-0.21161215,-0.9757854],"RightHandPinky2":[-0.126388758,-0.0136294784,-0.166937187,-0.9777383],"RightHandPinky3":[-0.004751443,-0.0154683664,-0.00190662849,-0.99986726],"RightHandRing1":[-0.09191625,-0.0181599557,-0.164962128,-0.981839657],"RightHandRing2":[-0.096825,-0.0227918737,-0.128541127,-0.986703],"RightHandRing3":[-0.00758458348,-0.0249543283,-0.003371275,-0.999654233],"RightHandThumb1":[-0.0871275961,-0.0935227647,0.00678695459,-0.991774261],"RightHandThumb2":[0.07390131,-0.0236132778,0.169834882,-0.982414],"RightHandThumb3":[0.00228674547,-0.0256848317,-0.004547234,-0.9996572],"RightLeg":[-0.00530585647,-0.06371803,-0.0168391913,0.997811735],"RightShoulder":[5.30248627E-08,-1.36119425E-07,6.309063E-08,1.00000012],"RightToeBase":[1.186025E-06,-6.63061337E-06,2.176248E-06,1.0],"RightUpLeg":[-0.0006229407,-0.01111241,0.0367089771,0.999264061],"Spine":[-2.23041923E-08,0.0,0.0,1.0],"Spine1":[-2.23517418E-08,0.0,0.0,1.0],"Spine2":[2.23517276E-08,-3.37978673E-10,-4.2206158E-10,1.0]}