{"Head":[-1.01693956E-07,-5.551115E-17,3.262486E-17,1.0],"Hips":[8.42937E-08,-1.96973335E-08,3.49262024E-08,1.0],"LeftArm":[0.333294064,0.0286534224,-0.171728641,0.926608562],"LeftFoot":[0.00413073134,0.04629453,-0.0253879447,0.998596668],"LeftForeArm":[0.113392167,-0.011473163,0.161309123,0.980301],"LeftHand":[-2.64762633E-07,2.50739873E-07,1.18012665E-07,1.0],"LeftHandIndex1":[0.164875656,-0.0596866719,-0.09007646,0.9803774],"LeftHandIndex2":[-0.0266482923,-0.04394461,-0.173165485,0.983550966],"LeftHandIndex3":[0.014573073,-0.0491806753,-0.008250302,0.9986496],"LeftHandMiddle1":[0.144093573,-0.0534063056,-0.145375878,0.9773693],"LeftHandMiddle2":[0.0421313,-0.0424413122,-0.122244589,0.9906967],"LeftHandMiddle3":[0.01416495,-0.04585887,-0.006403723,0.9988271],"LeftHandPinky1":[0.107967108,-0.04927887,-0.213882267,0.9696232],"LeftHandPinky2":[0.132491946,-0.0394575447,-0.125664562,0.982393742],"LeftHandPinky3":[0.0134770237,-0.04356129,-0.00598438131,0.998942],"LeftHandRing1":[0.0842577145,-0.04831474,-0.104426019,0.9897785],"LeftHandRing2":[0.153638691,-0.0365474932,-0.1978748,0.9674219],"LeftHandRing3":[0.01245348,-0.042437315,-0.007083716,0.998996437],"LeftHandThumb1":[0.0109208338,-0.04996425,0.04002379,0.997889042],"LeftHandThumb2":[-0.161386922,-0.0241095889,0.0315515473,0.98609215],"LeftHandThumb3":[-0.00110836385,-0.0259390157,-0.005019021,0.9996503],"LeftLeg":[-0.00525992364,0.06260911,0.0138009181,0.997928858],"LeftShoulder":[6.09327344E-09,1.05569754E-07,-1.94105681E-07,1.0],"LeftToeBase":[-6.50008133E-07,-3.96635551E-06,1.66043742E-06,-1.00000012],"LeftUpLeg":[-0.0006969707,0.0120202405,-0.0370565057,0.9992407],"Neck":[-0.03396088,3.50866419E-10,3.73526848E-10,0.999423146],"RightArm":[0.333294243,-0.028653862,0.171728864,0.9266083],"RightFoot":[0.009282408,-0.0200357176,0.0394537635,0.9989774],"RightForeArm":[0.113392226,0.011472824,-0.161309212,0.980300963],"RightHand":[-3.1572273E-07,-2.40194566E-07,-1.4821741E-07,1.0],"RightHandIndex1":[-0.164875448,-0.0596868433,-0.09007643,-0.9803773],"RightHandIndex2":[0.02664833,-0.04394439,-0.17316559,-0.983550966],"RightHandIndex3":[-0.0145731065,-0.0491805933,-0.008250211,-0.998649538],"RightHandMiddle1":[-0.1440932,-0.0534063578,-0.145375714,-0.977369368],"RightHandMiddle2":[-0.0421319976,-0.04244113,-0.122247241,-0.99069643],"RightHandMiddle3":[-0.0141648948,-0.04585874,-0.00640400872,-0.99882704],"RightHandPinky1":[-0.107967168,-0.0492788069,-0.213882238,-0.969623268],"RightHandPinky2":[-0.132491946,-0.03945759,-0.125664443,-0.982393742],"RightHandPinky3":[-0.0134770479,-0.0435614027,-0.00598425837,-0.998941958],"RightHandRing1":[-0.0842577,-0.0483146757,-0.104426086,-0.9897785],"RightHandRing2":[-0.153637469,-0.0365483649,-0.197875336,-0.9674219],"RightHandRing3":[-0.012453801,-0.0424384736,-0.007083908,-0.998996437],"RightHandThumb1":[-0.0109193008,-0.0499641858,0.0400231145,-0.9978891],"RightHandThumb2":[0.161384583,-0.0241106413,0.0315526,-0.986092448],"RightHandThumb3":[0.00110856281,-0.0259401854,-0.005019304,-0.999650359],"RightLeg":[-0.008497816,-0.09249269,-0.0191363264,0.995493233],"RightShoulder":[1.75087429E-08,-5.67114427E-08,1.99513E-07,1.0],"RightToeBase":[8.198069E-07,-4.00485033E-06,1.55476459E-06,1.0],"RightUpLeg":[-0.00076675805,-0.0132239051,0.0349739343,0.9993004],"Spine":[1.48694612E-08,0.0,0.0,1.0],"Spine1":[5.96046235E-08,0.0,0.0,1.0],"Spine2":[-6.33299351E-08,-3.37978617E-10,-3.85227156E-10,1.0]}